C4 Grass,Acquisitive Shrub,Conservative Shrub,Acquisitve Tree,Conservative Tree
0.023716806,0.010000001,0.010000001,0.010000001,0.14669662
0.010032491,0.010000001,0.010000001,0.010000001,0.130360624
0.010000001,0.010000001,0.010000001,0.010000001,0.113609534
0.010000001,0.010000001,0.010000001,0.010000001,0.095172832
0.010000001,0.010000001,0.010000001,0.010000001,0.078212471
0.010000001,0.010000001,0.010000001,0.010000001,0.067429648
0.010000001,0.010000001,0.010000001,0.010000001,0.050957566
0.010000001,0.010000001,0.010000001,0.010000001,0.035244025
0.010000001,0.010000001,0.010000001,0.010000001,0.019210246
0.010000001,0.010000001,0.010000001,0.010000001,0.010000001
0.0136446,0.013619009,0.013346397,0.011466831,0.013304522
0.010000001,0.010000001,0.010000001,0.010000001,0.010000001
0.010000001,0.010000001,0.010000001,0.010000001,0.010000001
0.010000001,0.010000001,0.010000001,0.010000001,0.010000001
0.010000001,0.010000001,0.010000001,0.010000001,0.010000001
0.010000001,0.010000001,0.010000001,0.010000001,0.010000001
0.010000001,0.010000001,0.010000001,0.010000001,0.010000001
0.010000001,0.010000001,0.010000001,0.010000001,0.010000001
0.010000001,0.010000001,0.010000001,0.010000001,0.010000001
0.010000001,0.010000001,0.010000001,0.010000001,0.010000001
0.010000001,0.010000001,0.010000001,0.010000001,0.010000001
0.010000001,0.010000001,0.010000001,0.010000001,0.010000001
0.010000001,0.010000001,0.010000001,0.010000001,0.010000001
0.010000001,0.010000001,0.010000001,0.010000001,0.010000001
0.010000001,0.010000001,0.010000001,0.010000001,0.010000001
0.010000001,0.010000001,0.010000001,0.010000001,0.010000001
0.010000001,0.010000001,0.010000001,0.010000001,0.010000001
0.010000001,0.010000001,0.010000001,0.010000001,0.010000001
0.010000001,0.010000001,0.010000001,0.010000001,0.010000001
0.010000001,0.010000001,0.010000001,0.010000001,0.010000001
0.010000001,0.010000001,0.010000001,0.010000001,0.010000001
0.010000001,0.010000001,0.010000001,0.010000001,0.010000001
0.010000001,0.010000001,0.010000001,0.010000001,0.010000001
0.010086773,0.010198169,0.010184514,0.010013264,0.010030427
0.010000001,0.010000001,0.010000001,0.010000001,0.010000001
0.010000001,0.010000001,0.010000001,0.010000001,0.010000001
0.010000001,0.010000001,0.010000001,0.010000001,0.010000001
0.010000001,0.010000001,0.010000001,0.010000001,0.010000001
0.010000001,0.010000001,0.010000001,0.010000001,0.010000001
0.010000001,0.010000001,0.010000001,0.010000001,0.010000001
0.010000001,0.010000001,0.010000001,0.010000001,0.010000001
0.010000001,0.010000001,0.010000001,0.010000001,0.010000001
0.010000001,0.010000001,0.010000001,0.010000001,0.010000001
0.010000001,0.010000001,0.010000001,0.010000001,0.010000001
0.010000001,0.010000001,0.010000001,0.010000001,0.010000001
0.010000001,0.010000001,0.010000001,0.010000001,0.010000001
0.010000001,0.010000001,0.010000001,0.010000001,0.010000001
0.010000001,0.010000001,0.010000001,0.010000001,0.010000001
0.010000001,0.010000001,0.010000001,0.010000001,0.010000001
0.010000001,0.010000001,0.010000001,0.010000001,0.010000001
0.010000001,0.010000001,0.010000001,0.010000001,0.010000001
0.010000001,0.010000001,0.010000001,0.010000001,0.010000001
0.010000001,0.010000001,0.010000001,0.010000001,0.010000001
0.010000001,0.010000001,0.010000001,0.010000001,0.010000001
0.010000001,0.010000001,0.010000001,0.010000001,0.010000001
0.010000001,0.010000001,0.010000001,0.010000001,0.010000001
0.010000001,0.010000001,0.010000001,0.010000001,0.010000001
0.010000001,0.010000001,0.010000001,0.010000001,0.010000001
0.010000001,0.010000001,0.010000001,0.010000001,0.010000001
0.010000001,0.010000001,0.010000001,0.010000001,0.010000001
0.010000001,0.010000001,0.010000001,0.010000001,0.010000001
0.010000001,0.010000001,0.010000001,0.010000001,0.010000001
0.010000001,0.010000001,0.010000001,0.010000001,0.010000001
0.010000001,0.010000001,0.010000001,0.010000001,0.010000001
0.010000001,0.010000001,0.010000001,0.010000001,0.010000001
0.010000001,0.010000001,0.010000001,0.010000001,0.010000001
0.010000001,0.010000001,0.010000001,0.010000001,0.010000001
0.010000001,0.010000001,0.010000001,0.010000001,0.010000001
0.010000001,0.010000001,0.010000001,0.010000001,0.010000001
0.010000001,0.010000001,0.010000001,0.010000001,0.010000001
0.010000001,0.010000001,0.010000001,0.010000001,0.010000001
0.010000001,0.010000001,0.010000001,0.010000001,0.010000001
0.010000001,0.010000001,0.010000001,0.010000001,0.010000001
0.010000001,0.010000001,0.010000001,0.010000001,0.010000001
0.010000001,0.010000001,0.010000001,0.010000001,0.010000001
0.010000001,0.010000001,0.010000001,0.010000001,0.010000001
0.010000001,0.010000001,0.010000001,0.010000001,0.010000001
0.010000001,0.010000001,0.010000001,0.010000001,0.010000001
0.010000001,0.010000001,0.010000001,0.010000001,0.010000001
0.010000001,0.010000001,0.010000001,0.010000001,0.010000001
0.010000001,0.010000001,0.010000001,0.010000001,0.010000001
0.010000001,0.010000001,0.010000001,0.010000001,0.010000001
0.010000001,0.010000001,0.010000001,0.010000001,0.010000001
0.010000001,0.010000001,0.010000001,0.010000001,0.010000001
0.010000001,0.010000001,0.010000001,0.010000001,0.010000001
0.010000001,0.010000001,0.010000001,0.010000001,0.010000001
0.010000001,0.010000001,0.010000001,0.010000001,0.010000001
0.010000001,0.010000001,0.010000001,0.010000001,0.010000001
0.010000001,0.010000001,0.010000001,0.010000001,0.010000001
0.010050483,0.010089793,0.010052264,0.010032236,0.010037077
0.224409987,0.227665016,0.222367086,0.221620041,0.223717384
0.219176132,0.218349193,0.2092236,0.206678856,0.220246145
0.193786244,0.188785978,0.176729567,0.17220354,0.196291413
0.170600691,0.162216717,0.147882504,0.141057032,0.174316328
0.137680308,0.122270113,0.107251688,0.095545316,0.142795254
0.100715201,0.07908483,0.062342998,0.044838639,0.107249693
0.060420834,0.034014647,0.019279424,0.010000001,0.069238315
0.019548721,0.010000001,0.010000001,0.010000001,0.029007478
0.010000001,0.010000001,0.010000001,0.010000001,0.010000001
0.010000001,0.010000001,0.010000001,0.010000001,0.010000001
0.010000001,0.010000001,0.010000001,0.010000001,0.010000001
0.010000001,0.010000001,0.010000001,0.010000001,0.010000001
0.010000001,0.010000001,0.010000001,0.010000001,0.010000001
0.010000001,0.010000001,0.010000001,0.010000001,0.010000001
0.010000001,0.010000001,0.010000001,0.010000001,0.010000001
0.010000001,0.010000001,0.010000001,0.010000001,0.010000001
0.010000001,0.010000001,0.010000001,0.010000001,0.010000001
0.010000001,0.010000001,0.010000001,0.010000001,0.010000001
0.010000001,0.010000001,0.010000001,0.010000001,0.010000001
0.010000001,0.010000001,0.010000001,0.010000001,0.010000001
0.010000001,0.010000001,0.010000001,0.010000001,0.010000001
0.010000001,0.010000001,0.010000001,0.010000001,0.010000001
0.010000001,0.010000001,0.010000001,0.010000001,0.010000001
0.010000001,0.010000001,0.010000001,0.010000001,0.010000001
0.010000001,0.010000001,0.010000001,0.010000001,0.010000001
0.010000001,0.010000001,0.010000001,0.010000001,0.010000001
0.010000001,0.010000001,0.010000001,0.010000001,0.010000001
0.010000001,0.010000001,0.010000001,0.010000001,0.010000001
0.010000001,0.010000001,0.010000001,0.010000001,0.010000001
0.010000001,0.010000001,0.010000001,0.010000001,0.010000001
0.010000001,0.010000001,0.010000001,0.010000001,0.010000001
0.010000001,0.010000001,0.010000001,0.010000001,0.010000001
0.020515421,0.019760811,0.019021676,0.018672211,0.019203219
0.029903312,0.027209744,0.025365798,0.024536385,0.026217893
0.416091705,0.416100865,0.414342302,0.413113159,0.41777307
0.355403511,0.350499862,0.347605839,0.349264644,0.353777759
0.322384432,0.314728008,0.310960577,0.312760107,0.318989895
0.359497331,0.352389387,0.349185865,0.349559259,0.356572885
0.366397608,0.364408817,0.366754308,0.371420906,0.369405776
0.305010567,0.301548378,0.302426455,0.303873967,0.305245768
0.265500706,0.261049205,0.257586647,0.254511879,0.262526478
0.228572565,0.223862547,0.21770438,0.21063613,0.225851327
0.197565819,0.192254366,0.184789247,0.173460768,0.195137468
0.180519907,0.17584687,0.165368345,0.150535243,0.177704742
0.138532875,0.136934214,0.125620108,0.107945011,0.141583119
0.12535417,0.123160666,0.109214975,0.089764722,0.128828466
0.094542176,0.091417132,0.076713367,0.054946037,0.100061384
0.0664607,0.062019226,0.044762044,0.024576344,0.071659206
0.231624063,0.22765397,0.206980056,0.192742492,0.23528671
0.216018478,0.212884231,0.188751797,0.171383185,0.219140898
0.182185585,0.179332766,0.154288902,0.135189495,0.18868728
0.144754178,0.141553231,0.113983976,0.092737262,0.151606049
0.118466484,0.114711139,0.084818483,0.063010557,0.12516318
0.217254916,0.214177424,0.180984909,0.156419176,0.221580846
0.22150416,0.220385519,0.186234868,0.161979025,0.225346129
0.385140672,0.391786348,0.38765067,0.381586644,0.385489708
0.407960399,0.413964968,0.411731385,0.408019338,0.409338477
0.381341536,0.390729292,0.387792572,0.382272157,0.383418127
0.360954164,0.374181463,0.37057929,0.363562165,0.365312386
0.354448977,0.370408316,0.366213271,0.357387897,0.360613627
0.395892754,0.404806829,0.402676664,0.397815675,0.399599976
0.375268357,0.38679062,0.384028253,0.377513358,0.380033029
0.351456638,0.367734437,0.364676379,0.356328517,0.360804524
0.327345817,0.349813191,0.346207738,0.334341217,0.342792677
0.306515904,0.33475745,0.330249275,0.316954681,0.328226225
0.303380651,0.334244218,0.328463482,0.316430572,0.328838127
0.422948796,0.428290576,0.427558977,0.425290498,0.426467482
0.408776014,0.415634389,0.414755745,0.4115075,0.413168812
0.390695141,0.400064499,0.398977923,0.395042188,0.397332847
0.374390076,0.386209531,0.38507188,0.380785884,0.384267638
0.416324211,0.422723042,0.42227924,0.419946719,0.421861286
0.387840969,0.39764023,0.397239481,0.394164992,0.397607471
0.385235601,0.396780046,0.395764542,0.391892617,0.395691508
0.376899985,0.390085022,0.388735751,0.384443283,0.388910323
0.431372341,0.436528156,0.436035751,0.434212991,0.43597563
0.42829672,0.432215605,0.431793874,0.430472594,0.431665445
0.406872789,0.412915487,0.412170478,0.410218385,0.412302797
0.39381374,0.401451696,0.399622078,0.398503281,0.401063616
0.387141071,0.396405394,0.393906874,0.394010356,0.397114748
0.409503389,0.416849562,0.41576781,0.413938047,0.416817057
0.44102979,0.444596802,0.444080859,0.443049148,0.444441106
0.41247742,0.418226853,0.417140906,0.415988076,0.418100715
0.399312709,0.406078321,0.404276556,0.404133271,0.407020893
0.396798753,0.404269816,0.402143691,0.402246702,0.406238096
0.417695336,0.423072657,0.422317854,0.421307183,0.423580344
0.423159966,0.42864291,0.428294867,0.425927352,0.428533835
0.411663674,0.417635077,0.416962924,0.414815084,0.417409678
0.398613486,0.405471791,0.403925266,0.403239052,0.406059317
0.389610651,0.397430285,0.395187599,0.395295759,0.399043151
0.397094835,0.405323822,0.40355885,0.402189329,0.406570081
0.398198246,0.40762465,0.405876199,0.404008747,0.408410742
0.392958476,0.403544474,0.402127681,0.399157453,0.403932096
0.388514018,0.399703577,0.397578064,0.395601932,0.400454303
0.392441926,0.403031124,0.401606998,0.398558035,0.403477906
0.381057507,0.392621549,0.39082021,0.388100444,0.394638454
0.374005295,0.384710143,0.382791497,0.380886198,0.388744274
0.369141916,0.380839669,0.37877097,0.37598373,0.38461407
0.362943432,0.374821087,0.371840493,0.370353263,0.380127593
0.359912959,0.37248214,0.368521218,0.367173307,0.378482581
0.382164675,0.394495112,0.39208796,0.388332608,0.397435937
0.360653644,0.378240399,0.37434159,0.371228059,0.382662762
0.355196528,0.373311476,0.370066552,0.365977845,0.378667412
0.34905876,0.36467829,0.361076253,0.359313278,0.373209807
0.339927468,0.356191831,0.351033991,0.351411708,0.367200079
0.335155625,0.351745762,0.346143241,0.346054082,0.363588855
0.324968739,0.340231137,0.331100054,0.335911419,0.356498464
0.319455836,0.335937325,0.325210263,0.331092148,0.35392596
0.316951673,0.33395946,0.321940233,0.328491437,0.353492685
0.319546141,0.337451948,0.327333411,0.329595202,0.354894077
0.342926076,0.360022889,0.352143901,0.350680931,0.373251541
0.336994079,0.357979926,0.351628065,0.34544036,0.370006638
0.326833509,0.347974723,0.33981475,0.335346966,0.363259909
0.35907576,0.376689867,0.372072592,0.364819349,0.384864627
0.336969661,0.36166527,0.356759916,0.346751797,0.371624368
0.330561993,0.355733929,0.350610162,0.340607972,0.367083147
0.320982533,0.347301419,0.340080436,0.332488862,0.361320609
0.33128004,0.355561903,0.348801443,0.340459377,0.367584416
0.314252696,0.339322824,0.329119461,0.324560991,0.355881731
0.296193048,0.323223172,0.306023565,0.30845917,0.34536168
0.285470624,0.314803948,0.292389698,0.298951469,0.340786774
0.286551508,0.31858576,0.292767386,0.301752085,0.345203194
0.308408876,0.337704187,0.32029113,0.318459389,0.354850291
0.372052806,0.389244889,0.382781001,0.375967229,0.396723648
0.338744777,0.364370633,0.356936901,0.347148709,0.37454314
0.316959201,0.346587477,0.336385552,0.32829096,0.362171387
0.308655848,0.339887364,0.329046701,0.320431509,0.357404102
0.301349588,0.333337406,0.321280246,0.313563171,0.353450003
0.323154243,0.351856976,0.343716683,0.332298525,0.366155212
0.308575884,0.33853154,0.327968175,0.316773735,0.354409122
0.308396583,0.339355423,0.327818658,0.316190857,0.354805594
0.315609346,0.345015573,0.333373661,0.322563515,0.360767057
0.306638975,0.336602966,0.325077761,0.314122594,0.354154389
0.287652033,0.318822559,0.302085706,0.295973822,0.342232789
0.271902786,0.303742754,0.280236935,0.281676064,0.334172194
0.254329574,0.285411491,0.253332442,0.266109688,0.325190538
0.237191319,0.268934336,0.227894056,0.251098866,0.317205656
0.220547004,0.251356408,0.200781335,0.235679057,0.309830779
0.230109926,0.265667412,0.209845016,0.245023105,0.322820631
0.270053814,0.30568128,0.248178697,0.285347626,0.34844958
0.276442846,0.310196389,0.257747852,0.29120935,0.341958156
0.357137361,0.375005157,0.354516484,0.363215206,0.390517482
0.342079513,0.367477407,0.354265417,0.350196215,0.380425483
0.397347172,0.411961717,0.406702287,0.402244703,0.417668397
0.355998336,0.380961299,0.373767405,0.366806452,0.390550939
0.336004127,0.36668146,0.357995367,0.350475733,0.379699496
0.32187028,0.35504384,0.345407486,0.338353712,0.371572615
0.307120188,0.343993525,0.33135062,0.326889885,0.363836482
0.302295531,0.341968279,0.32937079,0.321958091,0.361220639
0.294401885,0.337213688,0.322785164,0.314213996,0.356218254
0.285470338,0.32863493,0.311114026,0.307440364,0.352004321
0.277055511,0.323983251,0.303963937,0.30050841,0.348065258
0.267897423,0.316985482,0.292644065,0.293115392,0.344431847
0.291865829,0.336235102,0.31526123,0.312812578,0.356857383
0.276553878,0.320174805,0.295704583,0.295066569,0.343955867
0.265017519,0.310747799,0.28069448,0.283444393,0.338093953
0.245102628,0.291072695,0.250560865,0.265696395,0.326941252
0.22545112,0.273924218,0.221484429,0.249068134,0.317295353
0.20561152,0.254578638,0.190069821,0.232288912,0.308443334
0.191235966,0.243851346,0.169782511,0.220889569,0.304003578
0.172595738,0.222810286,0.137968567,0.203851115,0.294521874
0.150768489,0.196877773,0.10139296,0.183344689,0.281540903
0.126597998,0.169712154,0.063679226,0.160775739,0.265501563
0.109355043,0.150216484,0.034112726,0.144143504,0.254512413
0.393907811,0.403503117,0.402037931,0.395527086,0.406875188
0.401394839,0.41169716,0.411107173,0.403198541,0.413941678
0.402319426,0.414514817,0.413918192,0.405471208,0.416593231
0.391746505,0.40750919,0.406565485,0.397895201,0.410128518
0.369161673,0.389562977,0.388255368,0.377461553,0.394566908
0.35436183,0.380011771,0.377741544,0.365851132,0.38543005
0.341172756,0.371521557,0.368482869,0.355358738,0.377738576
0.344000225,0.374850298,0.371676048,0.359219482,0.381534789
0.39710935,0.413576772,0.412152781,0.404832327,0.416078125
0.406498936,0.420391269,0.419328769,0.413899582,0.422526966
0.378470048,0.398316962,0.396772465,0.389674774,0.402812798
0.36386113,0.387957611,0.38570047,0.378331358,0.394120847
0.358619325,0.384902536,0.383128704,0.373768409,0.390920406
0.351481369,0.380139938,0.378420445,0.368213148,0.386260723
0.346381178,0.375973728,0.37454111,0.362782327,0.382376886
0.337570953,0.368111019,0.366065311,0.355703976,0.377105147
0.327307108,0.359162739,0.355634703,0.346987635,0.370913635
0.315250361,0.350524085,0.345762209,0.337794782,0.364353515
0.307087488,0.346495057,0.341059284,0.330872424,0.36085487
0.298972104,0.340426557,0.333237156,0.324830607,0.356557837
0.288071728,0.329363218,0.319766893,0.315695856,0.351092466
0.283723069,0.324209505,0.313212908,0.310965609,0.349929697
0.348717644,0.37363065,0.368731048,0.362860935,0.387117016
0.3708715,0.393293874,0.391156076,0.381171443,0.401397283
0.401628417,0.41785736,0.416795672,0.409287877,0.422041782
0.404331954,0.420511627,0.419865152,0.412159055,0.423854931
0.388041942,0.407041945,0.406369265,0.397842222,0.411118978
0.367683085,0.391511803,0.390761938,0.381988897,0.399026378
0.358959402,0.385530019,0.385409158,0.374871774,0.393592546
0.407245658,0.423387289,0.423594272,0.416264303,0.427686899
0.384483442,0.403958169,0.403959376,0.39579771,0.408945784
0.368954321,0.391361018,0.391569144,0.383605843,0.39939077
0.360784438,0.384037184,0.384989096,0.375829265,0.393708495
0.353575988,0.379540135,0.380612191,0.370010541,0.389528017
0.357948184,0.383598884,0.384625975,0.37287147,0.39210109
0.35010685,0.378965753,0.379826687,0.367254765,0.38862539
0.36711941,0.391000082,0.391982122,0.380353027,0.39854133
0.346758277,0.376960305,0.378554732,0.364979611,0.387584596
0.3421131,0.373216523,0.375430305,0.360230251,0.38388719
0.354918472,0.382775829,0.385217557,0.370194679,0.392709204
0.444102459,0.450938672,0.451229667,0.447728037,0.452392332
0.442659869,0.448038214,0.448204659,0.445721814,0.449161914
0.418932284,0.426050276,0.426267192,0.423208294,0.427952791
0.440318127,0.444271193,0.444299565,0.442849302,0.445329445
0.419619302,0.424693803,0.424913662,0.423172498,0.426595976
0.416298221,0.422537319,0.42298906,0.42038171,0.424733174
0.439020372,0.441795457,0.441868573,0.441084145,0.44292361
0.416224712,0.420369984,0.420578043,0.419135936,0.42259868
0.40730614,0.412289465,0.412713601,0.41104933,0.415315536
0.403579286,0.409190615,0.409815437,0.407424353,0.412383068
0.397043534,0.403390419,0.40443241,0.401242871,0.407059159
0.393752089,0.401016206,0.402178049,0.397957724,0.404530261
0.409114392,0.41614829,0.41740787,0.41289734,0.418899413
0.412200812,0.419184831,0.420095719,0.415993419,0.421360981
0.417745102,0.424522977,0.425430617,0.421570465,0.426773995
0.417964641,0.42431923,0.425382511,0.421796985,0.426387591
0.404131092,0.411385478,0.412551926,0.408883748,0.414297448
0.402593405,0.409856887,0.41135394,0.407052297,0.412442745
0.40684379,0.413347175,0.414913628,0.411038771,0.416189237
0.413602408,0.41903692,0.420350884,0.417320548,0.421774849
0.404234331,0.409995058,0.411633792,0.408445761,0.413663636
0.395633263,0.400777287,0.402883314,0.399892508,0.406078336
0.390788324,0.394991755,0.397650822,0.394498746,0.401413556
0.38557944,0.389247154,0.392436496,0.388496653,0.39683214
0.382208267,0.385901827,0.389888263,0.384864307,0.393863358
0.380397063,0.384674225,0.388689563,0.383253064,0.392508643
0.378163235,0.382106893,0.386580786,0.380760162,0.3904827
0.375114118,0.378430297,0.383480004,0.377280191,0.387752134
0.370227928,0.372095694,0.377672796,0.37130668,0.383514332
0.36604147,0.36661995,0.373224112,0.366321684,0.380139183
0.362914109,0.362311597,0.369650892,0.362861355,0.377727398
0.35904501,0.356923091,0.365052735,0.358131045,0.374427931
0.355601173,0.353153887,0.361675955,0.354175996,0.371962023
0.352812162,0.349975191,0.359546748,0.350982056,0.370090233
0.35075776,0.34871484,0.35856552,0.349329709,0.369324798
0.35032948,0.350484168,0.360557231,0.349814631,0.369997617
0.350227618,0.350576972,0.36110274,0.350018464,0.370057887
0.349602275,0.34956944,0.360262399,0.348762096,0.36922975
0.345199838,0.344690974,0.3552222,0.343345248,0.365391212
0.340702796,0.338265085,0.348342548,0.336674854,0.360886388
0.335703831,0.33064596,0.340155182,0.329793923,0.356586484
0.331530488,0.324917117,0.335275749,0.324097302,0.353421797
0.329740301,0.323248718,0.33363958,0.32249503,0.352723065
0.328761796,0.322536405,0.333743695,0.321902419,0.352407017
0.325795072,0.319643746,0.330384929,0.317822405,0.349737226
0.320555766,0.311719583,0.322348605,0.310460302,0.345043706
0.314241551,0.301153348,0.310648626,0.301235206,0.339482486
0.307924986,0.29157896,0.300324904,0.291695052,0.33432148
0.302198352,0.283004527,0.290485921,0.282920151,0.330075781
0.297871834,0.276004591,0.282110948,0.275439365,0.326966772
0.294501281,0.271004332,0.276730095,0.26958103,0.325026846
0.289839894,0.263293491,0.267231031,0.261771509,0.321067644
0.282754564,0.250642123,0.252059958,0.249604118,0.314450907
0.274756682,0.234552386,0.23307552,0.235607522,0.307016616
0.267458753,0.218473268,0.213447889,0.222573534,0.300266381
0.259931069,0.202837049,0.19444894,0.208175758,0.293402134
0.252717994,0.187061524,0.174832307,0.194032768,0.286522212
0.245150638,0.170087457,0.153832148,0.179465134,0.278664775
0.236151523,0.150705621,0.129367231,0.163102317,0.269225686
0.22908592,0.135239722,0.109966292,0.148189471,0.262565867
0.222393973,0.121357882,0.092307492,0.135042992,0.256144323
0.216356878,0.10770167,0.075022229,0.122729889,0.250419623
0.222946803,0.11350169,0.080349855,0.124538788,0.259624737
0.216686344,0.098458654,0.059675413,0.110855051,0.251862446
0.209827555,0.083557585,0.039888819,0.097373714,0.243963124
0.20546618,0.071663429,0.023828557,0.088344015,0.239296362
0.20054652,0.058865291,0.010625627,0.07820296,0.233971063
0.189485098,0.038040613,0.010000001,0.059405718,0.22036362
0.180095511,0.020506566,0.010000001,0.043006963,0.209202056
0.167464063,0.010000001,0.010000001,0.022321529,0.193454125
0.159291677,0.010000001,0.010000001,0.011471964,0.183796123
0.145222699,0.010000001,0.010000001,0.010000001,0.165160603
0.132256318,0.010000001,0.010000001,0.010000001,0.148061264
0.120129397,0.010000001,0.010000001,0.010000001,0.131787436
0.107974755,0.010000001,0.010000001,0.010000001,0.115141289
0.094697175,0.010000001,0.010000001,0.010000001,0.096711018
0.082346658,0.010000001,0.010000001,0.010000001,0.079833811
0.074317859,0.010000001,0.010000001,0.010000001,0.069079094
0.062537219,0.010000001,0.010000001,0.010000001,0.052650374
0.051391373,0.010000001,0.010000001,0.010000001,0.036955132
0.039728576,0.010000001,0.010000001,0.010000001,0.020701331
0.02454793,0.010000001,0.010000001,0.010000001,0.010000001
0.016493024,0.013420336,0.013390627,0.011419786,0.013263219
0.010000001,0.010000001,0.010000001,0.010000001,0.010000001
0.010000001,0.010000001,0.010000001,0.010000001,0.010000001
0.010000001,0.010000001,0.010000001,0.010000001,0.010000001
0.010000001,0.010000001,0.010000001,0.010000001,0.010000001
0.010000001,0.010000001,0.010000001,0.010000001,0.010000001
0.010000001,0.010000001,0.010000001,0.010000001,0.010000001
0.010000001,0.010000001,0.010000001,0.010000001,0.010000001
0.010000001,0.010000001,0.010000001,0.010000001,0.010000001
0.010000001,0.010000001,0.010000001,0.010000001,0.010000001
0.010000001,0.010000001,0.010000001,0.010000001,0.010000001
0.010000001,0.010000001,0.010000001,0.010000001,0.010000001
0.010000001,0.010000001,0.010000001,0.010000001,0.010000001
0.010000001,0.010000001,0.010000001,0.010000001,0.010000001
0.010000001,0.010000001,0.010000001,0.010000001,0.010000001
0.010000001,0.010000001,0.010000001,0.010000001,0.010000001
0.010000001,0.010000001,0.010000001,0.010000001,0.010000001
0.010000001,0.010000001,0.010000001,0.010000001,0.010000001
0.010000001,0.010000001,0.010000001,0.010000001,0.010000001
0.010000001,0.010000001,0.010000001,0.010000001,0.010000001
0.010000001,0.010000001,0.010000001,0.010000001,0.010000001
0.010000001,0.010000001,0.010000001,0.010000001,0.010000001
0.010000001,0.010000001,0.010000001,0.010000001,0.010000001
0.010033112,0.010110925,0.010172308,0.010005169,0.010028447
0.010000001,0.010000001,0.010000001,0.010000001,0.010000001
0.010000001,0.010000001,0.010000001,0.010000001,0.010000001
0.010000001,0.010000001,0.010000001,0.010000001,0.010000001
0.010000001,0.010000001,0.010000001,0.010000001,0.010000001
0.010000001,0.010000001,0.010000001,0.010000001,0.010000001
0.010000001,0.010000001,0.010000001,0.010000001,0.010000001
0.010000001,0.010000001,0.010000001,0.010000001,0.010000001
0.010000001,0.010000001,0.010000001,0.010000001,0.010000001
0.010000001,0.010000001,0.010000001,0.010000001,0.010000001
0.010000001,0.010000001,0.010000001,0.010000001,0.010000001
0.010000001,0.010000001,0.010000001,0.010000001,0.010000001
0.010000001,0.010000001,0.010000001,0.010000001,0.010000001
0.010000001,0.010000001,0.010000001,0.010000001,0.010000001
0.010000001,0.010000001,0.010000001,0.010000001,0.010000001
0.010000001,0.010000001,0.010000001,0.010000001,0.010000001
0.010000001,0.010000001,0.010000001,0.010000001,0.010000001
0.010000001,0.010000001,0.010000001,0.010000001,0.010000001
0.010000001,0.010000001,0.010000001,0.010000001,0.010000001
0.010000001,0.010000001,0.010000001,0.010000001,0.010000001
0.010000001,0.010000001,0.010000001,0.010000001,0.010000001
0.010000001,0.010000001,0.010000001,0.010000001,0.010000001
0.010000001,0.010000001,0.010000001,0.010000001,0.010000001
0.010000001,0.010000001,0.010000001,0.010000001,0.010000001
0.010000001,0.010000001,0.010000001,0.010000001,0.010000001
0.010000001,0.010000001,0.010000001,0.010000001,0.010000001
0.010000001,0.010000001,0.010000001,0.010000001,0.010000001
0.010000001,0.010000001,0.010000001,0.010000001,0.010000001
0.010000001,0.010000001,0.010000001,0.010000001,0.010000001
0.010000001,0.010000001,0.010000001,0.010000001,0.010000001
0.010000001,0.010000001,0.010000001,0.010000001,0.010000001
0.010000001,0.010000001,0.010000001,0.010000001,0.010000001
0.010000001,0.010000001,0.010000001,0.010000001,0.010000001
0.010000001,0.010000001,0.010000001,0.010000001,0.010000001
0.010000001,0.010000001,0.010000001,0.010000001,0.010000001
0.010000001,0.010000001,0.010000001,0.010000001,0.010000001
0.010000001,0.010000001,0.010000001,0.010000001,0.010000001
0.010000001,0.010000001,0.010000001,0.010000001,0.010000001
0.010000001,0.010000001,0.010000001,0.010000001,0.010000001
0.010000001,0.010000001,0.010000001,0.010000001,0.010000001
0.010000001,0.010000001,0.010000001,0.010000001,0.010000001
0.010000001,0.010000001,0.010000001,0.010000001,0.010000001
0.010000001,0.010000001,0.010000001,0.010000001,0.010000001
0.010000001,0.010000001,0.010000001,0.010000001,0.010000001
0.010000001,0.010000001,0.010000001,0.010000001,0.010000001
0.010000001,0.010000001,0.010000001,0.010000001,0.010000001
0.010000001,0.010000001,0.010000001,0.010000001,0.010000001
0.010000001,0.010000001,0.010000001,0.010000001,0.010000001
0.010000001,0.010000001,0.010000001,0.010000001,0.010000001
0.010000001,0.010000001,0.010000001,0.010000001,0.010000001
0.010000001,0.010000001,0.010000001,0.010000001,0.010000001
0.010000001,0.010000001,0.010000001,0.010000001,0.010000001
0.010000001,0.010000001,0.010000001,0.010000001,0.010000001
0.010000001,0.010000001,0.010000001,0.010000001,0.010000001
0.010000001,0.010000001,0.010000001,0.010000001,0.010000001
0.010000001,0.010000001,0.010000001,0.010000001,0.010000001
0.010076729,0.010072266,0.01005025,0.010031715,0.010035248
0.226925526,0.225536782,0.222631486,0.221494282,0.223932885
0.216447351,0.214921204,0.212753234,0.205817042,0.221066824
0.18600163,0.184282778,0.182274225,0.170693848,0.197648885
0.158954964,0.157454348,0.15508026,0.139026385,0.176122037
0.118279633,0.119990331,0.11689333,0.092647126,0.145103012
0.074394341,0.078278664,0.07456932,0.0412897,0.110193016
0.028525426,0.034361002,0.030523133,0.010000001,0.072835864
0.010000001,0.010000001,0.010000001,0.010000001,0.032901806
0.010000001,0.010000001,0.010000001,0.010000001,0.010000001
0.010000001,0.010000001,0.010000001,0.010000001,0.010000001
0.010000001,0.010000001,0.010000001,0.010000001,0.010000001
0.010000001,0.010000001,0.010000001,0.010000001,0.010000001
0.010000001,0.010000001,0.010000001,0.010000001,0.010000001
0.010000001,0.010000001,0.010000001,0.010000001,0.010000001
0.010000001,0.010000001,0.010000001,0.010000001,0.010000001
0.010000001,0.010000001,0.010000001,0.010000001,0.010000001
0.010000001,0.010000001,0.010000001,0.010000001,0.010000001
0.010000001,0.010000001,0.010000001,0.010000001,0.010000001
0.010000001,0.010000001,0.010000001,0.010000001,0.010000001
0.010000001,0.010000001,0.010000001,0.010000001,0.010000001
0.010000001,0.010000001,0.010000001,0.010000001,0.010000001
0.010000001,0.010000001,0.010000001,0.010000001,0.010000001
0.010000001,0.010000001,0.010000001,0.010000001,0.010000001
0.010000001,0.010000001,0.010000001,0.010000001,0.010000001
0.010000001,0.010000001,0.010000001,0.010000001,0.010000001
0.010000001,0.010000001,0.010000001,0.010000001,0.010000001
0.010000001,0.010000001,0.010000001,0.010000001,0.010000001
0.010000001,0.010000001,0.010000001,0.010000001,0.010000001
0.010000001,0.010000001,0.010000001,0.010000001,0.010000001
0.010000001,0.010000001,0.010000001,0.010000001,0.010000001
0.010000001,0.010000001,0.010000001,0.010000001,0.010000001
0.010000001,0.010000001,0.010000001,0.010000001,0.010000001
0.019866385,0.019694107,0.019097091,0.018680162,0.019158756
0.027175245,0.02716416,0.025689328,0.024471834,0.02624888
0.415290433,0.415998387,0.414430366,0.413124337,0.417976423
0.348424899,0.351428771,0.349775456,0.349209235,0.35407755
0.312481181,0.31599765,0.314012462,0.312554363,0.319388361
0.352435893,0.353591637,0.351991158,0.34938346,0.357014507
0.368437327,0.365260887,0.368139399,0.371810686,0.36942666
0.303370283,0.302031775,0.304467235,0.303897707,0.305316851
0.261517612,0.261289175,0.261813193,0.253828278,0.262813461
0.223494871,0.22401612,0.224816085,0.209211181,0.226418063
0.19148067,0.192364999,0.193980459,0.171406262,0.195907895
0.175182972,0.175908188,0.176363726,0.14791669,0.178630764
0.136890233,0.137186303,0.139303147,0.104864872,0.142457159
0.124139534,0.12326475,0.124841712,0.086389809,0.129049707
0.09370396,0.091531815,0.094707702,0.051476945,0.099588252
0.066049125,0.062050202,0.064620661,0.022106593,0.070672162
0.231453485,0.227186538,0.228176402,0.192340583,0.233346892
0.215815657,0.211965727,0.211245429,0.170878271,0.216618313
0.182236952,0.178187729,0.178849257,0.13474297,0.185694793
0.145104596,0.140212416,0.140618294,0.092325233,0.148002379
0.119127445,0.113232719,0.113071742,0.062792264,0.120974498
0.217844925,0.212232024,0.209361016,0.156024101,0.216959511
0.223089727,0.218226378,0.213937188,0.161712727,0.220770698
0.385671825,0.391311405,0.388062531,0.380685045,0.385203088
0.409406928,0.413839644,0.411674831,0.407330035,0.409120043
0.38304185,0.390469868,0.387545702,0.381234453,0.383141924
0.363658,0.373852704,0.370653639,0.362160377,0.36501559
0.357997542,0.370017137,0.366612506,0.355759749,0.36030786
0.397755501,0.404634919,0.40259096,0.396834015,0.399430107
0.377455329,0.38651974,0.384050707,0.376251726,0.379827565
0.355437007,0.367395295,0.365530321,0.354732547,0.360628184
0.334132455,0.349358028,0.348132261,0.332201415,0.342654895
0.315077189,0.333920894,0.333477249,0.314333224,0.328179387
0.312106424,0.333187385,0.332708519,0.313587693,0.328910463
0.423249052,0.428218346,0.42775694,0.424774084,0.426484792
0.408810573,0.415453942,0.414928734,0.41083578,0.413156006
0.390737558,0.399800638,0.39929226,0.39420762,0.397306482
0.374727116,0.38586725,0.38575821,0.379806583,0.384265845
0.416367633,0.422639934,0.4225904,0.419416964,0.421864601
0.387973205,0.397412434,0.397807274,0.393360833,0.397637953
0.385393344,0.395774079,0.396310655,0.391089514,0.395697086
0.377106794,0.388507167,0.38932899,0.383553267,0.388935294
0.431395604,0.435976718,0.436249154,0.433849201,0.435983609
0.428352236,0.431836595,0.431940624,0.430191928,0.431665969
0.407075111,0.412063525,0.41242705,0.409785882,0.41232795
0.394320176,0.399883002,0.400225626,0.398067186,0.401118694
0.387846337,0.394212112,0.394814187,0.393661533,0.39728759
0.409722642,0.415397886,0.416210172,0.413649959,0.416873085
0.441149236,0.443984369,0.444264809,0.442862224,0.444441189
0.41268376,0.417162317,0.417479622,0.415724898,0.418123587
0.399748057,0.404488523,0.404977759,0.403964487,0.407091333
0.397447508,0.402414508,0.40306539,0.40223993,0.406333228
0.41786434,0.42209042,0.422674544,0.421184121,0.423610389
0.423197325,0.427522151,0.42851498,0.425747499,0.428543563
0.411753923,0.416380117,0.417227594,0.414596139,0.417441996
0.398979194,0.403700791,0.404523015,0.403076487,0.406130998
0.390225639,0.395034192,0.396128841,0.395321632,0.399165243
0.397565575,0.403035811,0.404333795,0.40224687,0.406659885
0.398650425,0.405365306,0.406615465,0.403933292,0.408475072
0.393312079,0.401203234,0.402712757,0.398980054,0.403979398
0.38903694,0.396948211,0.398319061,0.395496372,0.400548741
0.392799878,0.400408116,0.402167303,0.39845929,0.40354495
0.381670279,0.389802072,0.391864996,0.388016814,0.394734026
0.374996069,0.381277082,0.384066479,0.381000828,0.388848567
0.370313735,0.376442069,0.380114108,0.376266035,0.384760174
0.36462409,0.369584144,0.373610367,0.370840273,0.380306741
0.361848714,0.366171778,0.370616431,0.367849377,0.37868947
0.383144725,0.390174917,0.393289603,0.388666251,0.39754475
0.362003971,0.372595962,0.376230174,0.371491027,0.382842381
0.356812051,0.367225646,0.372017494,0.366359603,0.378894284
0.351320909,0.358329869,0.363526845,0.359864997,0.373502245
0.343144371,0.348637191,0.354478908,0.35217929,0.36764503
0.33889359,0.343656684,0.350163132,0.346796496,0.364049092
0.330288697,0.331153243,0.336711197,0.336905537,0.357105381
0.325768835,0.326812614,0.331902726,0.332379627,0.354528066
0.323962441,0.323816186,0.32957571,0.330024965,0.354068377
0.326017802,0.326858221,0.334602593,0.33125731,0.355431507
0.34778739,0.351123774,0.357575328,0.351935491,0.373623398
0.340327448,0.350122133,0.356360201,0.346404821,0.37035482
0.330242917,0.339147774,0.345851589,0.336535069,0.363687076
0.360616709,0.370018482,0.37542738,0.365676074,0.385111096
0.338672337,0.353462977,0.360633234,0.347575971,0.371931307
0.33248901,0.347797417,0.354724174,0.341510629,0.367390544
0.324232063,0.338038163,0.345226084,0.333653589,0.361752023
0.334468295,0.346641604,0.353490287,0.341618307,0.367965403
0.319598023,0.329252393,0.335729359,0.325782701,0.356472714
0.305048284,0.310035309,0.315820665,0.309648664,0.346131589
0.297014227,0.300099125,0.305114525,0.300446586,0.341617063
0.300324444,0.301490335,0.307338654,0.303598845,0.346083911
0.318749879,0.323046689,0.330963417,0.320218301,0.355433114
0.375581679,0.38211317,0.387033373,0.376735142,0.39700146
0.34310793,0.355448647,0.363037306,0.347849062,0.374970039
0.322752129,0.335249512,0.345883699,0.328923603,0.362788907
0.315564009,0.327915542,0.339942873,0.321270511,0.358027623
0.309769147,0.320834946,0.334008829,0.314568429,0.354104427
0.329873223,0.341137384,0.353081506,0.333305173,0.366690851
0.315680272,0.325268122,0.339559404,0.31811622,0.355070981
0.316022322,0.324728464,0.34037215,0.317634217,0.355463974
0.323227252,0.330170304,0.346563615,0.324031747,0.361371614
0.31328081,0.321461494,0.339354139,0.315572356,0.354782666
0.29809954,0.300149284,0.321462842,0.297429557,0.34307364
0.2863587,0.282037371,0.306292895,0.283196858,0.335186214
0.273612897,0.260005474,0.287666285,0.26778002,0.326461785
0.261269294,0.23926039,0.270957192,0.253086386,0.318704606
0.249444407,0.217513253,0.253018355,0.237762765,0.311668552
0.261628479,0.226857375,0.267772168,0.247376398,0.32457308
0.301758685,0.265391272,0.307549551,0.287638441,0.349659582
0.303950417,0.273165709,0.312346991,0.29322064,0.342944565
0.367811916,0.359408375,0.37651811,0.364093362,0.391073924
0.349401082,0.355036695,0.369423597,0.350907963,0.380902146
0.400069361,0.406840949,0.412749828,0.402322681,0.417897486
0.360306588,0.37326018,0.382605528,0.366661871,0.390934018
0.34146872,0.357174572,0.369105058,0.35024259,0.380175463
0.328386673,0.344536989,0.358606419,0.338096671,0.372091589
0.3152398,0.331376477,0.348010139,0.326663502,0.364528984
0.310796915,0.327672382,0.346646983,0.321996751,0.361881226
0.303884507,0.320969719,0.341780017,0.314371229,0.356889906
0.297236027,0.310933487,0.333522239,0.307729317,0.352787565
0.290707607,0.303912898,0.329258659,0.300924759,0.348894556
0.284333069,0.294349685,0.322554907,0.293501077,0.345384041
0.307834954,0.315787115,0.340926749,0.313382818,0.357540146
0.293756841,0.297178304,0.325015048,0.295877573,0.344789799
0.284584968,0.284479344,0.315079149,0.284224643,0.339055623
0.26955852,0.259321898,0.293926413,0.266148744,0.328212135
0.25494222,0.234871135,0.275536984,0.249263713,0.318997045
0.240480374,0.208888261,0.254370697,0.232540404,0.310499271
0.230361193,0.191246569,0.242637011,0.221224884,0.306300526
0.216480321,0.165798622,0.219463243,0.204131734,0.297198878
0.199510088,0.135472462,0.190794452,0.183441905,0.28478474
0.180265588,0.102725331,0.160831975,0.160728187,0.269417683
0.16713598,0.077340073,0.138740274,0.143908355,0.259024648
0.395352934,0.400425896,0.404404044,0.395465339,0.407137111
0.402064395,0.409364632,0.412694395,0.402968753,0.414104852
0.402677072,0.41228167,0.415589063,0.405094167,0.4167346
0.392136129,0.404645856,0.408621145,0.397418879,0.410282123
0.369604748,0.385895617,0.391165949,0.376830377,0.394785659
0.35493728,0.374717752,0.381641544,0.365062825,0.385721032
0.3422659,0.364712576,0.373464332,0.354551709,0.378093225
0.345326072,0.367732272,0.376956115,0.358511582,0.381879562
0.397253527,0.410517246,0.414299878,0.404429694,0.416249557
0.406528719,0.418131933,0.420989734,0.413534178,0.422648445
0.378728621,0.394833544,0.399629879,0.389130534,0.403023132
0.364470597,0.383504459,0.389502867,0.377678515,0.394376862
0.359117604,0.37971508,0.386979205,0.37315559,0.391215729
0.352051506,0.374541848,0.38249986,0.367600986,0.3866134
0.346992984,0.369659709,0.378949527,0.362201691,0.382707328
0.339363199,0.360484589,0.371698171,0.355237575,0.377542785
0.33037964,0.349822909,0.363006783,0.346601886,0.371447577
0.320394285,0.339216212,0.355066345,0.337408642,0.365017544
0.313739091,0.333675311,0.351522995,0.330614248,0.361505649
0.306972095,0.32593818,0.345530064,0.324662065,0.357318337
0.298390174,0.314469232,0.335452709,0.315596327,0.351960997
0.295650765,0.308663438,0.332332641,0.310969164,0.350891
0.353951989,0.364785564,0.378804885,0.362889236,0.387696346
0.372658967,0.387037703,0.397257903,0.38107038,0.401806394
0.402287369,0.414557523,0.41997501,0.409087083,0.422246813
0.404726473,0.417672894,0.422569207,0.411914478,0.424011345
0.388298509,0.403792678,0.409566251,0.397513778,0.411303638
0.368318167,0.387351121,0.395402343,0.381609851,0.399301122
0.359468297,0.380832246,0.390263945,0.374474322,0.393877242
0.407346862,0.420529931,0.426287707,0.416022303,0.427824727
0.384617814,0.400766496,0.407217296,0.395440088,0.409113759
0.36939144,0.387525206,0.395915034,0.383185234,0.399643303
0.361401798,0.379781418,0.389865499,0.375498795,0.393955628
0.354487695,0.374294249,0.385937205,0.369810722,0.389865472
0.358386155,0.378673359,0.389506119,0.372716556,0.392379583
0.350865978,0.37334029,0.385563735,0.367205384,0.388957215
0.367492801,0.386364158,0.39648739,0.380289222,0.398792805
0.347254631,0.371285853,0.384359015,0.364869257,0.387887237
0.342592556,0.367025606,0.381255411,0.360172467,0.384183598
0.355372815,0.376873715,0.390666037,0.370260512,0.392969744
0.444048461,0.449906271,0.45208984,0.447661359,0.452456225
0.44258328,0.447364644,0.448836,0.445618584,0.44921274
0.418774759,0.425169167,0.427260155,0.423066289,0.428008726
0.440327977,0.443828065,0.44486751,0.442762395,0.44536482
0.419703245,0.423791793,0.425930438,0.423074083,0.426663655
0.416319077,0.421371027,0.424182946,0.420332541,0.424810873
0.439086021,0.441321038,0.442493143,0.441050435,0.442971828
0.416319395,0.419494804,0.421661906,0.419115284,0.422654783
0.407669033,0.411026505,0.414234839,0.411121459,0.415420229
0.403877959,0.407782512,0.411426079,0.407515164,0.412460908
0.397350152,0.401718526,0.406215391,0.401390918,0.407153
0.393946644,0.399334063,0.404182583,0.398086055,0.404565336
0.409256476,0.414757494,0.419099451,0.412962514,0.418891175
0.412225001,0.418042231,0.421555946,0.415962213,0.421333787
0.417713373,0.423542944,0.426821772,0.4215516,0.42673578
0.417954902,0.423484378,0.426561829,0.421752268,0.426363784
0.404155693,0.410397775,0.414135319,0.408842921,0.414245175
0.402558884,0.408880203,0.412666701,0.407011054,0.412422684
0.406835342,0.412417094,0.416231158,0.411030249,0.416169678
0.413545237,0.418367611,0.421479687,0.417305692,0.421758248
0.404189418,0.409156789,0.413106202,0.408430277,0.413641183
0.395651939,0.399896798,0.404844089,0.399964006,0.406004975
0.390808156,0.39402294,0.400098202,0.394669756,0.401325262
0.385585364,0.388165587,0.395212505,0.388716513,0.39666061
0.382256947,0.384643483,0.392679392,0.385119308,0.393682161
0.380422915,0.383173281,0.39148628,0.383581858,0.392362129
0.378153051,0.380581928,0.389553063,0.381158333,0.390356385
0.37511209,0.376647625,0.386936006,0.377726294,0.387601969
0.370260328,0.369804267,0.382038879,0.371809526,0.383289045
0.366072247,0.36418533,0.378212688,0.366940591,0.379887367
0.362977322,0.359993137,0.375232828,0.363588539,0.377431928
0.359125377,0.354750205,0.371369349,0.358981596,0.374115507
0.35571037,0.350277216,0.368805734,0.355166454,0.371642767
0.352884899,0.346889187,0.367128464,0.352072921,0.369726156
0.350885217,0.345593908,0.366165783,0.350494241,0.368965273
0.350410108,0.347379267,0.367527177,0.350969926,0.3696917
0.350256182,0.347725893,0.367942763,0.351139347,0.369733146
0.349603382,0.346749513,0.367411986,0.349960313,0.368920582
0.345220041,0.341804268,0.362976469,0.344489067,0.365006005
0.340807064,0.335030762,0.357691233,0.337915799,0.360387302
0.336016317,0.327351191,0.351614216,0.331198958,0.355998584
0.332011487,0.321515099,0.348486298,0.325627609,0.352784575
0.330346874,0.319466054,0.347876615,0.323925679,0.352206076
0.329336883,0.318679365,0.348193366,0.323171177,0.352016101
0.326295471,0.315078215,0.345909625,0.318823151,0.349346728
0.321226281,0.307479512,0.340753723,0.311227689,0.344620603
0.31518652,0.297264002,0.333373031,0.301844561,0.339073338
0.308645952,0.288126106,0.327747976,0.292119237,0.333909288
0.303359649,0.279720102,0.322354479,0.283147889,0.329601535
0.299811603,0.272899805,0.3189223,0.275590184,0.326540126
0.297009286,0.268013829,0.317601866,0.269747414,0.324584946
0.293028141,0.260384161,0.313287582,0.261751621,0.320604513
0.286788569,0.248378939,0.304364059,0.249281123,0.313889209
0.279443142,0.23325016,0.294200874,0.234949085,0.306390304
0.272878499,0.218229361,0.284415729,0.221605158,0.29970742
0.266088737,0.203603051,0.275329699,0.206911129,0.292750791
0.259438064,0.188682123,0.265879984,0.192455721,0.285785483
0.252429749,0.172759368,0.254835083,0.177605269,0.277927559
0.244170666,0.15481999,0.24055028,0.160869416,0.268434317
0.237620067,0.140110896,0.230436503,0.145873565,0.26140286
0.231439096,0.126950557,0.22184778,0.132405058,0.254913115
0.225985942,0.114260698,0.213232517,0.119812389,0.249175051
0.232819011,0.11981772,0.225201797,0.121568357,0.258339708
0.227156497,0.105851328,0.214856707,0.107918154,0.250406075
0.220864732,0.091798424,0.204383668,0.094368416,0.242440521
0.216812322,0.080802589,0.197727115,0.085244562,0.237761651
0.212299482,0.068978347,0.19003013,0.074920689,0.232431855
0.201996184,0.049324495,0.174863268,0.055670156,0.218662966
0.193211442,0.032096556,0.161589821,0.038899782,0.207275392
0.181300076,0.011840485,0.141836535,0.017811129,0.191379874
0.173737726,0.010000001,0.130156465,0.010000001,0.181595846
0.160259769,0.010000001,0.108606821,0.010000001,0.162772064
0.147954095,0.010000001,0.087929506,0.010000001,0.145499798
0.136470101,0.010000001,0.067669467,0.010000001,0.129122609
0.124940794,0.010000001,0.04755449,0.010000001,0.112269411
0.112219896,0.010000001,0.024631497,0.010000001,0.0937706
0.100562523,0.010000001,0.010000001,0.010000001,0.076840562
0.092990237,0.010000001,0.010000001,0.010000001,0.065981563
0.081799052,0.010000001,0.010000001,0.010000001,0.049396449
0.071149196,0.010000001,0.010000001,0.010000001,0.033571642
0.0598967,0.010000001,0.010000001,0.010000001,0.017710967
0.045192017,0.010000001,0.010000001,0.010000001,0.010000001
0.037189246,0.013419082,0.013753138,0.011340234,0.013160082
0.024114504,0.010000001,0.010000001,0.010000001,0.010000001
0.012979802,0.010000001,0.010000001,0.010000001,0.010000001
0.010000001,0.010000001,0.010000001,0.010000001,0.010000001
0.010000001,0.010000001,0.010000001,0.010000001,0.010000001
0.010000001,0.010000001,0.010000001,0.010000001,0.010000001
0.010000001,0.010000001,0.010000001,0.010000001,0.010000001
0.010000001,0.010000001,0.010000001,0.010000001,0.010000001
0.010000001,0.010000001,0.010000001,0.010000001,0.010000001
0.010000001,0.010000001,0.010000001,0.010000001,0.010000001
0.010000001,0.010000001,0.010000001,0.010000001,0.010000001
0.010000001,0.010000001,0.010000001,0.010000001,0.010000001
0.010000001,0.010000001,0.010000001,0.010000001,0.010000001
0.010000001,0.010000001,0.010000001,0.010000001,0.010000001
0.010000001,0.010000001,0.010000001,0.010000001,0.010000001
0.010000001,0.010000001,0.010000001,0.010000001,0.010000001
0.010000001,0.010000001,0.010000001,0.010000001,0.010000001
0.010000001,0.010000001,0.010000001,0.010000001,0.010000001
0.010000001,0.010000001,0.010000001,0.010000001,0.010000001
0.010000001,0.010000001,0.010000001,0.010000001,0.010000001
0.010000001,0.010000001,0.010000001,0.010000001,0.010000001
0.010000001,0.010000001,0.010000001,0.010000001,0.010000001
0.010000001,0.010000001,0.010000001,0.010000001,0.010000001
0.010032921,0.010091169,0.010201865,0.010003206,0.010025412
0.010000001,0.010000001,0.010000001,0.010000001,0.010000001
0.010000001,0.010000001,0.010000001,0.010000001,0.010000001
0.010000001,0.010000001,0.010000001,0.010000001,0.010000001
0.010000001,0.010000001,0.010000001,0.010000001,0.010000001
0.010000001,0.010000001,0.010000001,0.010000001,0.010000001
0.010000001,0.010000001,0.010000001,0.010000001,0.010000001
0.010000001,0.010000001,0.010000001,0.010000001,0.010000001
0.010000001,0.010000001,0.010000001,0.010000001,0.010000001
0.010000001,0.010000001,0.010000001,0.010000001,0.010000001
0.010000001,0.010000001,0.010000001,0.010000001,0.010000001
0.010000001,0.010000001,0.010000001,0.010000001,0.010000001
0.010000001,0.010000001,0.010000001,0.010000001,0.010000001
0.010000001,0.010000001,0.010000001,0.010000001,0.010000001
0.010000001,0.010000001,0.010000001,0.010000001,0.010000001
0.010000001,0.010000001,0.010000001,0.010000001,0.010000001
0.010000001,0.010000001,0.010000001,0.010000001,0.010000001
0.010000001,0.010000001,0.010000001,0.010000001,0.010000001
0.010000001,0.010000001,0.010000001,0.010000001,0.010000001
0.010000001,0.010000001,0.010000001,0.010000001,0.010000001
0.010000001,0.010000001,0.010000001,0.010000001,0.010000001
0.010000001,0.010000001,0.010000001,0.010000001,0.010000001
0.010000001,0.010000001,0.010000001,0.010000001,0.010000001
0.010000001,0.010000001,0.010000001,0.010000001,0.010000001
0.010000001,0.010000001,0.010000001,0.010000001,0.010000001
0.010000001,0.010000001,0.010000001,0.010000001,0.010000001
0.010000001,0.010000001,0.010000001,0.010000001,0.010000001
0.010000001,0.010000001,0.010000001,0.010000001,0.010000001
0.010000001,0.010000001,0.010000001,0.010000001,0.010000001
0.010000001,0.010000001,0.010000001,0.010000001,0.010000001
0.010000001,0.010000001,0.010000001,0.010000001,0.010000001
0.010000001,0.010000001,0.010000001,0.010000001,0.010000001
0.010000001,0.010000001,0.010000001,0.010000001,0.010000001
0.010000001,0.010000001,0.010000001,0.010000001,0.010000001
0.010000001,0.010000001,0.010000001,0.010000001,0.010000001
0.010000001,0.010000001,0.010000001,0.010000001,0.010000001
0.010000001,0.010000001,0.010000001,0.010000001,0.010000001
0.010000001,0.010000001,0.010000001,0.010000001,0.010000001
0.010000001,0.010000001,0.010000001,0.010000001,0.010000001
0.010000001,0.010000001,0.010000001,0.010000001,0.010000001
0.010000001,0.010000001,0.010000001,0.010000001,0.010000001
0.010000001,0.010000001,0.010000001,0.010000001,0.010000001
0.010000001,0.010000001,0.010000001,0.010000001,0.010000001
0.010000001,0.010000001,0.010000001,0.010000001,0.010000001
0.010000001,0.010000001,0.010000001,0.010000001,0.010000001
0.010000001,0.010000001,0.010000001,0.010000001,0.010000001
0.010000001,0.010000001,0.010000001,0.010000001,0.010000001
0.010000001,0.010000001,0.010000001,0.010000001,0.010000001
0.010000001,0.010000001,0.010000001,0.010000001,0.010000001
0.010000001,0.010000001,0.010000001,0.010000001,0.010000001
0.010000001,0.010000001,0.010000001,0.010000001,0.010000001
0.010000001,0.010000001,0.010000001,0.010000001,0.010000001
0.010000001,0.010000001,0.010000001,0.010000001,0.010000001
0.010000001,0.010000001,0.010000001,0.010000001,0.010000001
0.010000001,0.010000001,0.010000001,0.010000001,0.010000001
0.010000001,0.010000001,0.010000001,0.010000001,0.010000001
0.010075952,0.010064893,0.010068289,0.010031556,0.010040358
0.22682344,0.224434463,0.22566263,0.22139247,0.223777404
0.216386046,0.213474838,0.221706623,0.204749204,0.218967891
0.18595728,0.18309824,0.197504456,0.16869065,0.193710217
0.159001021,0.156385934,0.175362932,0.136285343,0.170426726
0.118444924,0.119509223,0.144574236,0.088763673,0.137109641
0.074677089,0.078725587,0.109453178,0.03674296,0.099728377
0.029639532,0.035515073,0.070998716,0.010000001,0.059720755
0.010000001,0.010000001,0.029731682,0.010000001,0.019610993
0.010000001,0.010000001,0.010000001,0.010000001,0.010000001
0.010000001,0.010000001,0.010000001,0.010000001,0.010000001
0.010000001,0.010000001,0.010000001,0.010000001,0.010000001
0.010000001,0.010000001,0.010000001,0.010000001,0.010000001
0.010000001,0.010000001,0.010000001,0.010000001,0.010000001
0.010000001,0.010000001,0.010000001,0.010000001,0.010000001
0.010000001,0.010000001,0.010000001,0.010000001,0.010000001
0.010000001,0.010000001,0.010000001,0.010000001,0.010000001
0.010000001,0.010000001,0.010000001,0.010000001,0.010000001
0.010000001,0.010000001,0.010000001,0.010000001,0.010000001
0.010000001,0.010000001,0.010000001,0.010000001,0.010000001
0.010000001,0.010000001,0.010000001,0.010000001,0.010000001
0.010000001,0.010000001,0.010000001,0.010000001,0.010000001
0.010000001,0.010000001,0.010000001,0.010000001,0.010000001
0.010000001,0.010000001,0.010000001,0.010000001,0.010000001
0.010000001,0.010000001,0.010000001,0.010000001,0.010000001
0.010000001,0.010000001,0.010000001,0.010000001,0.010000001
0.010000001,0.010000001,0.010000001,0.010000001,0.010000001
0.010000001,0.010000001,0.010000001,0.010000001,0.010000001
0.010000001,0.010000001,0.010000001,0.010000001,0.010000001
0.010000001,0.010000001,0.010000001,0.010000001,0.010000001
0.010000001,0.010000001,0.010000001,0.010000001,0.010000001
0.010000001,0.010000001,0.010000001,0.010000001,0.010000001
0.010000001,0.010000001,0.010000001,0.010000001,0.010000001
0.019811011,0.019751163,0.01944032,0.018652149,0.019171268
0.027126352,0.027145611,0.027734974,0.024276116,0.02592187
0.415439277,0.415992077,0.4160948,0.412882704,0.417773212
0.349108626,0.351181609,0.353369214,0.348850127,0.352821233
0.313641985,0.315769112,0.319281081,0.312027487,0.317793548
0.352326566,0.353335659,0.356696342,0.34852749,0.355675296
0.367514363,0.365351729,0.366519616,0.371961513,0.369657251
0.301096469,0.301967981,0.307142726,0.303818725,0.30483691
0.255848583,0.260794116,0.272311757,0.252557622,0.260739861
0.213637246,0.223035124,0.243734077,0.206719618,0.222405621
0.178060538,0.191002026,0.2193283,0.167889424,0.190312807
0.159773013,0.174101189,0.208167279,0.143396521,0.171691055
0.122933708,0.134850765,0.177828075,0.099256176,0.134466327
0.111145756,0.12014711,0.170082758,0.079800525,0.120947453
0.081427794,0.087665851,0.145406206,0.043904295,0.091326069
0.054495456,0.057449506,0.122296846,0.017120452,0.062426304
0.221466757,0.221944506,0.287082694,0.191556793,0.225509926
0.206389384,0.205924628,0.273203303,0.168624643,0.208660613
0.173305291,0.171634544,0.245558672,0.131202217,0.177405229
0.136666399,0.133064631,0.214170619,0.087619068,0.13950854
0.111186115,0.105392877,0.193232596,0.057077293,0.112357197
0.210989654,0.203519979,0.290066828,0.149679827,0.208447678
0.215575407,0.209441321,0.290015186,0.15505118,0.212644392
0.38440174,0.390648524,0.392782251,0.379402374,0.384502218
0.408813988,0.41349203,0.414101971,0.406765906,0.408588649
0.382745899,0.390036553,0.390351867,0.380679052,0.382215877
0.363407899,0.373237059,0.374977964,0.361381681,0.363647903
0.357788727,0.369253799,0.372126186,0.354786898,0.358626973
0.397638716,0.404230577,0.405252175,0.396407943,0.398477919
0.377353498,0.385985896,0.387526131,0.375724456,0.378612132
0.355459414,0.366652439,0.37131108,0.353700005,0.35880417
0.334357904,0.348231761,0.35698152,0.330297454,0.340088161
0.315413841,0.33255106,0.345402832,0.311528111,0.324533243
0.312544593,0.33136728,0.347583977,0.31013296,0.324119409
0.423527848,0.427956904,0.429605144,0.424546544,0.425834607
0.409112557,0.415068366,0.41697882,0.410597964,0.412355476
0.391079929,0.399231205,0.402210994,0.393889625,0.396217839
0.375073365,0.385116535,0.390072082,0.379371834,0.382818037
0.416615089,0.422319016,0.424553856,0.419237846,0.421185975
0.388207288,0.396981087,0.400943954,0.393120208,0.396612566
0.38562539,0.395412389,0.399720718,0.390851044,0.394618678
0.377329266,0.388320255,0.393000137,0.383303255,0.387714904
0.431637506,0.43594513,0.437668065,0.433741001,0.435512159
0.428609509,0.431787632,0.432840629,0.430125633,0.431315474
0.407342193,0.412003836,0.414074346,0.409653299,0.411719594
0.394626778,0.399999515,0.403127607,0.397897246,0.400311658
0.38811839,0.394533741,0.398773638,0.393496407,0.396357509
0.409902852,0.415403935,0.418480687,0.413554418,0.416267684
0.441276442,0.443935465,0.445229749,0.442835825,0.444175987
0.41288912,0.417113887,0.419199868,0.415671613,0.417714802
0.399994603,0.40452752,0.407795772,0.403888314,0.40663807
0.39767441,0.402449006,0.406415598,0.402161673,0.405897412
0.418043959,0.422030271,0.424234009,0.421148753,0.423312038
0.423311452,0.42734783,0.429774125,0.425698083,0.428243091
0.411920575,0.416272872,0.418770714,0.414537915,0.417101345
0.39912947,0.403802413,0.407147521,0.402993045,0.405756774
0.390432646,0.395336192,0.399753783,0.395249035,0.398781159
0.397811973,0.403222534,0.407495109,0.40218522,0.406281135
0.398916263,0.405525049,0.409660575,0.403869612,0.408088376
0.393557042,0.401251696,0.40558288,0.398899103,0.403541122
0.389352349,0.397179098,0.402003513,0.395394931,0.400095532
0.393066112,0.400301692,0.405359253,0.398386311,0.403123658
0.381968969,0.389646177,0.395877293,0.387901023,0.394250228
0.375316064,0.381253822,0.389252183,0.380873658,0.388352225
0.370666499,0.376193306,0.385915154,0.376176219,0.384270428
0.36494627,0.369417523,0.380817535,0.370757608,0.379814139
0.362171702,0.366197324,0.379045072,0.367776124,0.378094292
0.383409852,0.390045445,0.398901322,0.388624078,0.397037859
0.362374203,0.37276633,0.384084831,0.371411249,0.382116778
0.35718594,0.367199324,0.380269324,0.36624537,0.378219924
0.351533183,0.358770421,0.373388381,0.359692672,0.372779224
0.343201096,0.349549793,0.366695005,0.351975322,0.366822947
0.338815245,0.344348285,0.363242903,0.346500237,0.36311161
0.329912782,0.331992614,0.354292626,0.336480061,0.356055511
0.325365187,0.327782415,0.351458327,0.331944972,0.353417356
0.323480178,0.325429832,0.350433014,0.329550507,0.352995951
0.325546463,0.327917592,0.353352619,0.330838181,0.354469884
0.347461456,0.351861997,0.372965307,0.351566081,0.372720764
0.340078279,0.350184633,0.370614854,0.346094934,0.369250536
0.32987127,0.339331776,0.362875613,0.336144309,0.362432345
0.360556564,0.369733032,0.386455168,0.365485638,0.384217343
0.338508929,0.353201427,0.373494496,0.347352305,0.370815211
0.332304581,0.347806497,0.368417989,0.341218042,0.366248466
0.323514099,0.338556485,0.361688452,0.333315666,0.360520004
0.333678592,0.3473997,0.368893349,0.341301727,0.36683057
0.317869619,0.331355888,0.355550622,0.325354146,0.35509121
0.30274384,0.313879043,0.342981384,0.308830152,0.344468744
0.29433546,0.30446587,0.337355842,0.299409581,0.339817567
0.297126184,0.306521673,0.342023715,0.302536555,0.344354978
0.316434239,0.325489623,0.355843917,0.319477859,0.354117382
0.374735833,0.382776241,0.398118318,0.376434517,0.39614874
0.341831421,0.356493788,0.375733984,0.347413958,0.37376537
0.320969367,0.337114597,0.361477479,0.32814662,0.361301708
0.313637614,0.330181463,0.356361693,0.320369923,0.356551271
0.307686836,0.32300471,0.351700493,0.313556352,0.352615641
0.328386155,0.342245923,0.36661199,0.3325388,0.365503558
0.314487242,0.327178936,0.354989337,0.317369439,0.353670303
0.314573596,0.32699827,0.355693841,0.316830881,0.354005867
0.321703249,0.332562245,0.361472738,0.32318077,0.359969612
0.311885051,0.323455305,0.354536676,0.314697242,0.353267336
0.296145656,0.303756967,0.340473711,0.29607046,0.341313167
0.283946414,0.287814813,0.329684624,0.281433238,0.333200496
0.270569851,0.269226782,0.316589952,0.265604474,0.324209145
0.257636126,0.251752439,0.30587754,0.250439013,0.31622462
0.245116573,0.233436849,0.294773698,0.23462209,0.308781132
0.257000013,0.244328723,0.311165161,0.243940407,0.321997803
0.297719629,0.283725354,0.341957077,0.284309642,0.347872578
0.300995753,0.290147148,0.338483032,0.290475531,0.341436097
0.366616894,0.366021025,0.389128958,0.363115116,0.390127952
0.348479864,0.359093629,0.380235517,0.350202534,0.379761421
0.399805369,0.408390575,0.417514744,0.402109689,0.417272878
0.359684132,0.375532894,0.389495196,0.36627258,0.390018791
0.340696389,0.359976205,0.377463789,0.349702014,0.379051642
0.327344747,0.3480444,0.368279302,0.337407583,0.370900368
0.313856625,0.335261405,0.359482557,0.325723031,0.363345997
0.309276762,0.331952613,0.358185108,0.321012996,0.36066433
0.302340993,0.325903049,0.353985136,0.313318539,0.35560356
0.295379886,0.31702209,0.347312695,0.306480777,0.351467273
0.28843019,0.310447279,0.344120217,0.299573203,0.347474297
0.281462301,0.302044959,0.339252844,0.29190838,0.343989419
0.305141068,0.322490348,0.354118643,0.312043055,0.356404975
0.290966583,0.304623079,0.340132515,0.29462558,0.343416328
0.281475204,0.293991451,0.331827939,0.282804026,0.337447631
0.265964825,0.273042488,0.315176437,0.264504817,0.326352776
0.250880597,0.252653617,0.30155451,0.24725372,0.316963593
0.235896903,0.230992165,0.2864489,0.230089997,0.308214545
0.2252666,0.216574375,0.279616743,0.218553264,0.303789901
0.210906797,0.195055055,0.262118903,0.201114204,0.294280919
0.193521385,0.168648375,0.23943725,0.179986943,0.281459327
0.1737673,0.139919783,0.214634376,0.156732922,0.265791093
0.160147211,0.117858746,0.196821179,0.139432444,0.254941063
0.395386539,0.40071795,0.406288198,0.395439991,0.40664695
0.402127999,0.409392844,0.414194547,0.403009823,0.41356467
0.402697328,0.412280561,0.416987931,0.405146645,0.416169516
0.392174798,0.404797737,0.41019333,0.397411307,0.40969505
0.369574522,0.386328299,0.393601691,0.376767823,0.394003662
0.354855664,0.375320879,0.384322622,0.364981984,0.384980217
0.342082606,0.365579687,0.376495497,0.354492551,0.377218701
0.345080711,0.368739303,0.380108301,0.358497411,0.38106023
0.397244419,0.410910444,0.415717089,0.40447761,0.415796891
0.406568598,0.418309135,0.422115131,0.413583616,0.422298158
0.378635424,0.395223754,0.401314927,0.389140438,0.402515919
0.364318905,0.383959532,0.391631705,0.377686482,0.393803046
0.358945146,0.380089004,0.389046647,0.37319184,0.390651698
0.351864743,0.374981544,0.384702069,0.36766403,0.386007372
0.34676221,0.370087348,0.381171279,0.362264513,0.382069342
0.338968857,0.361349584,0.374409847,0.355204475,0.376935657
0.329694151,0.35109852,0.366429447,0.346489629,0.370821235
0.319512889,0.340631207,0.359065371,0.33726457,0.364384547
0.312859558,0.335365431,0.355787703,0.330471758,0.360783495
0.305570077,0.328515889,0.350356041,0.324456306,0.356641069
0.29649711,0.318852973,0.340473603,0.315150616,0.351173165
0.293658535,0.314249674,0.336438494,0.31037785,0.350057442
0.353228656,0.367250076,0.380650661,0.362633313,0.387199024
0.372318057,0.38823615,0.398204026,0.380999194,0.401322295
0.402157392,0.415148336,0.420560839,0.409045175,0.421873591
0.404599441,0.418073885,0.42296863,0.411865648,0.423646327
0.388161376,0.404302396,0.409872041,0.397431963,0.41086503
0.368130375,0.38831393,0.395717636,0.381507798,0.398859871
0.359235725,0.381618666,0.390442179,0.374393176,0.393435551
0.407165046,0.420903015,0.426396698,0.415954205,0.427566877
0.384438509,0.401203419,0.407300365,0.395363023,0.408762871
0.369221917,0.388114374,0.396055649,0.383083623,0.399373469
0.36117287,0.3804819,0.38986519,0.375372327,0.393668462
0.354309319,0.374995526,0.385824138,0.369693215,0.389576954
0.358220493,0.379129165,0.389249763,0.372617123,0.392028391
0.350747141,0.373925964,0.385120676,0.367068791,0.388657099
0.367431577,0.386875406,0.396077797,0.380201866,0.398439944
0.34708522,0.372120891,0.383744117,0.364759398,0.387432586
0.342421566,0.367626489,0.380563059,0.360046559,0.383734846
0.355267311,0.377337664,0.389918367,0.370145394,0.392578254
0.444045997,0.44994073,0.452071211,0.447613468,0.452337568
0.442622175,0.447427493,0.448858733,0.445575967,0.449101131
0.418811871,0.425279168,0.427329183,0.423014533,0.427880924
0.440387656,0.443861288,0.444823371,0.442733119,0.445290361
0.419755872,0.423917358,0.425796905,0.423026138,0.426586654
0.416348659,0.421476853,0.423944191,0.420291644,0.424717675
0.439151593,0.441396944,0.44240669,0.441008585,0.442935189
0.416379606,0.419640963,0.421475265,0.419072069,0.422608055
0.407760502,0.411099957,0.413874346,0.411070894,0.415392723
0.403978111,0.407920696,0.410983118,0.40746479,0.412465119
0.397458278,0.401792265,0.405687367,0.401367143,0.407150369
0.39407261,0.3991568,0.403451486,0.398086065,0.404633331
0.40943782,0.414474929,0.418423191,0.412977664,0.418978572
0.412436372,0.41776147,0.420991421,0.415969674,0.421385924
0.417923381,0.423262775,0.426307283,0.421566397,0.42682058
0.41811065,0.423185119,0.426056779,0.421761726,0.426435895
0.404276207,0.410137034,0.413532664,0.408867598,0.414393994
0.402655446,0.408448139,0.412013857,0.407036625,0.41256198
0.406916442,0.412038575,0.415578566,0.411066066,0.41632147
0.413634385,0.418201155,0.420974469,0.417334379,0.421887574
0.404266827,0.408915546,0.412507707,0.408467007,0.413835598
0.39568539,0.399752622,0.404155725,0.400007575,0.406313942
0.390874539,0.393773396,0.39923088,0.394697717,0.401708855
0.385727666,0.387800266,0.39446875,0.388747219,0.397161824
0.382391782,0.384151182,0.391664668,0.385158867,0.394248707
0.380565512,0.382572573,0.390612386,0.383626727,0.392908759
0.378329587,0.379812062,0.388644343,0.381215998,0.390955269
0.375331207,0.375739877,0.385677211,0.377812165,0.388243961
0.370567739,0.368779566,0.380709893,0.371944303,0.384088962
0.366455559,0.363136239,0.376651285,0.367092183,0.380806301
0.363355247,0.358739477,0.373457794,0.363749305,0.378449825
0.359518945,0.353025854,0.36947348,0.359148915,0.375253752
0.356164618,0.348409052,0.366899869,0.355337477,0.372844253
0.353349254,0.344635385,0.364886521,0.352257151,0.371001702
0.35135034,0.343151276,0.36408653,0.350684746,0.37023058
0.350901524,0.345092719,0.365488124,0.351191614,0.370879542
0.350764142,0.345923231,0.365644994,0.351360721,0.370950547
0.350105135,0.345100423,0.364681743,0.350180349,0.370205705
0.345718071,0.340133316,0.360357669,0.344697403,0.366467343
0.341356217,0.333245013,0.354763437,0.338126463,0.362060214
0.336526868,0.325599827,0.348620858,0.33142124,0.357873442
0.332507368,0.319028679,0.344624062,0.325792042,0.354772852
0.330808106,0.316304578,0.344174857,0.324151725,0.354006302
0.32995519,0.315304154,0.343803056,0.323517277,0.353671979
0.327143051,0.311490707,0.34155544,0.319233852,0.350953121
0.32241005,0.304007625,0.335438782,0.311628357,0.346272959
0.316754765,0.294109053,0.32725706,0.302167868,0.340834431
0.310860985,0.284761984,0.320354359,0.292362263,0.335768787
0.305921265,0.276214696,0.314296993,0.283313217,0.331577146
0.302372412,0.269151943,0.309891964,0.27569928,0.328549723
0.299404065,0.264067252,0.307390528,0.26986175,0.326633108
0.29541978,0.256261975,0.301817741,0.261755566,0.322762473
0.28951745,0.244370763,0.291769845,0.249003823,0.316263537
0.282496911,0.230025816,0.279465564,0.234365197,0.309092628
0.276235167,0.215497381,0.267347826,0.220707529,0.302742412
0.269798324,0.201286991,0.255737452,0.20566029,0.296072007
0.263660082,0.186809008,0.243502532,0.190854593,0.289456724
0.257148838,0.171489054,0.229819174,0.175558491,0.281983773
0.249505827,0.154361763,0.212904456,0.158444582,0.273000397
0.243667059,0.140228068,0.200731256,0.143169519,0.266446654
0.237935443,0.127384178,0.18961592,0.12936974,0.260344366
0.232974909,0.115490084,0.17885853,0.116440344,0.255055944
0.23990776,0.12045993,0.18834722,0.118072745,0.264402017
0.234562363,0.106883838,0.175724997,0.104073414,0.256911838
0.228791645,0.093195989,0.163472528,0.090209998,0.249358248
0.225248191,0.082579345,0.154580695,0.080868715,0.245035322
0.221195438,0.071312645,0.144739861,0.070274356,0.240113394
0.211552096,0.052211918,0.126487912,0.050548487,0.226711521
0.203372053,0.035566695,0.110452903,0.03335537,0.215752004
0.192200201,0.015037104,0.08881412,0.012715702,0.200129642
0.18513998,0.010000001,0.074382664,0.010000001,0.1907357
0.172439195,0.010000001,0.049892915,0.010000001,0.172310097